creature_id|creature_type|upgrade_type|level|name|value|gold|stacks
1|boar|base|0|acceleration|0.0887|4750|1000000
1|boar|base|0|speed|19.492|4750|1000000
1|boar|base|0|gas_volume|2.5818|4750|1000000
1|boar|base|0|gas_pressure|3.1674|4750|1000000
1|boar|muscles|1|acceleration|0.0026|1803|1000000
1|boar|muscles|1|speed|0.282|1803|1000000
1|boar|muscles|2|acceleration|0.003|2257|1000000
1|boar|muscles|2|speed|0.327|2257|1000000
1|boar|muscles|3|acceleration|0.003|2677.5|1000000
1|boar|muscles|3|speed|0.3315|2677.5|1000000
1|boar|muscles|4|acceleration|0.003|4254|1000000
1|boar|muscles|4|speed|0.3374|4254|1000000
1|boar|lung|1|speed|0.3759|2138.5|1000000
1|boar|lung|2|speed|0.436|2658|1000000
1|boar|lung|3|speed|0.442|3035|1000000
1|boar|lung|4|speed|0.4499|4545.5|1000000
1|boar|reflex|1|acceleration|0.0017|1574|1000000
1|boar|reflex|1|speed|0.282|1574|1000000
1|boar|reflex|2|acceleration|0.002|1977.5|1000000
1|boar|reflex|2|speed|0.327|1977.5|1000000
1|boar|reflex|3|acceleration|0.002|2348|1000000
1|boar|reflex|3|speed|0.3315|2348|1000000
1|boar|reflex|4|acceleration|0.002|3624.5|1000000
1|boar|reflex|4|speed|0.3374|3624.5|1000000
1|boar|boost|1|gas_pressure|0.0458|581|1000000
1|boar|boost|2|gas_pressure|0.0531|864|1000000
1|boar|boost|3|gas_pressure|0.0539|1192|1000000
1|boar|boost|4|gas_pressure|0.0548|2546.5|1000000
1|boar|boost2|1|gas_pressure|0.1069|930|1000000
1|boar|boost2|2|gas_pressure|0.124|1207|1000000
1|boar|boost2|3|gas_pressure|0.1257|1564.5|1000000
1|boar|boost2|4|gas_pressure|0.1279|2874.5|1000000
2|bird|base|0|acceleration|0.0887|5000|1000000
2|bird|base|0|speed|20.4612|5000|1000000
2|bird|base|0|gas_volume|2.1538|5000|1000000
2|bird|base|0|gas_pressure|2.1538|5000|1000000
2|bird|muscles|1|acceleration|0.0024|1718|1000000
2|bird|muscles|1|speed|0.2796|1718|1000000
2|bird|muscles|2|acceleration|0.0029|2181|1000000
2|bird|muscles|2|speed|0.3295|2181|1000000
2|bird|muscles|3|acceleration|0.003|2692.5|1000000
2|bird|muscles|3|speed|0.3557|2692.5|1000000
2|bird|muscles|4|acceleration|0.0035|4432|1000000
2|bird|muscles|4|speed|0.4|4432|1000000
2|bird|lung|1|speed|0.3728|2027|1000000
2|bird|lung|2|speed|0.4394|2558.5|1000000
2|bird|lung|3|speed|0.4743|3056.5|1000000
2|bird|lung|4|speed|0.5334|4781.5|1000000
2|bird|reflex|1|acceleration|0.0016|1489.5|1000000
2|bird|reflex|1|speed|0.2796|1489.5|1000000
2|bird|reflex|2|acceleration|0.0019|1902|1000000
2|bird|reflex|2|speed|0.3295|1902|1000000
2|bird|reflex|3|acceleration|0.002|2363.5|1000000
2|bird|reflex|3|speed|0.3557|2363.5|1000000
2|bird|reflex|4|acceleration|0.0023|3802.5|1000000
2|bird|reflex|4|speed|0.4|3802.5|1000000
2|bird|boost|1|gas_volume|0.0981|914.5|1000000
2|bird|boost|1|gas_pressure|0.0294|914.5|1000000
2|bird|boost|2|gas_volume|0.1156|1260.5|1000000
2|bird|boost|2|gas_pressure|0.0347|1260.5|1000000
2|bird|boost|3|gas_volume|0.0157|1175|1000000
2|bird|boost|3|gas_pressure|0.0374|1175|1000000
2|bird|boost|4|gas_pressure|0.0421|2478.5|1000000
2|bird|boost2|1|gas_pressure|0.0687|740.5|1000000
2|bird|boost2|2|gas_pressure|0.0809|992.5|1000000
2|bird|boost2|3|gas_pressure|0.0874|1369.5|1000000
2|bird|boost2|4|gas_pressure|0.0983|2716|1000000
3|lizard|base|0|acceleration|0.0981|5500|1000000
3|lizard|base|0|speed|20.3106|5500|1000000
3|lizard|base|0|gas_volume|1.9624|5500|1000000
3|lizard|base|0|gas_pressure|1.4718|5500|1000000
3|lizard|muscles|1|acceleration|0.0029|1899.5|1000000
3|lizard|muscles|1|speed|0.304|1899.5|1000000
3|lizard|muscles|2|acceleration|0.0034|2368|1000000
3|lizard|muscles|2|speed|0.3533|2368|1000000
3|lizard|muscles|3|acceleration|0.0034|2739.5|1000000
3|lizard|muscles|3|speed|0.3468|2739.5|1000000
3|lizard|muscles|4|acceleration|0.0035|4445|1000000
3|lizard|muscles|4|speed|0.3649|4445|1000000
3|lizard|lung|1|speed|0.4053|2232|1000000
3|lizard|lung|2|speed|0.4711|2796|1000000
3|lizard|lung|3|speed|0.4624|3133|1000000
3|lizard|lung|4|speed|0.4866|4739|1000000
3|lizard|reflex|1|acceleration|0.002|1645|1000000
3|lizard|reflex|1|speed|0.304|1645|1000000
3|lizard|reflex|2|acceleration|0.0023|2063|1000000
3|lizard|reflex|2|speed|0.3533|2063|1000000
3|lizard|reflex|3|acceleration|0.0022|2409.5|1000000
3|lizard|reflex|3|speed|0.3468|2409.5|1000000
3|lizard|reflex|4|acceleration|0.0024|3789.5|1000000
3|lizard|reflex|4|speed|0.3649|3789.5|1000000
3|lizard|boost|1|gas_volume|0.0979|902.5|1000000
3|lizard|boost|1|gas_pressure|0.022|902.5|1000000
3|lizard|boost|2|gas_volume|0.1138|1238|1000000
3|lizard|boost|2|gas_pressure|0.0256|1238|1000000
3|lizard|boost|3|gas_volume|0.1117|1601.5|1000000
3|lizard|boost|3|gas_pressure|0.0251|1601.5|1000000
3|lizard|boost|4|gas_volume|0.0097|2559|1000000
3|lizard|boost|4|gas_pressure|0.0265|2559|1000000
3|lizard|boost2|1|gas_pressure|0.0514|676|1000000
3|lizard|boost2|2|gas_pressure|0.0597|937.5|1000000
3|lizard|boost2|3|gas_pressure|0.0586|1308|1000000
3|lizard|boost2|4|gas_pressure|0.0618|2671.5|1000000
4|cow|base|0|acceleration|0.0888|5250|1000000
4|cow|base|0|speed|20.4921|5250|1000000
4|cow|base|0|gas_volume|2.1571|5250|1000000
4|cow|base|0|gas_pressure|2.1571|5250|1000000
4|cow|muscles|1|acceleration|0.0024|1727.5|1000000
4|cow|muscles|1|speed|0.28|1727.5|1000000
4|cow|muscles|2|acceleration|0.0029|2192|1000000
4|cow|muscles|2|speed|0.33|2192|1000000
4|cow|muscles|3|acceleration|0.003|2704.5|1000000
4|cow|muscles|3|speed|0.3563|2704.5|1000000
4|cow|muscles|4|acceleration|0.0035|4470.5|1000000
4|cow|muscles|4|speed|0.4007|4470.5|1000000
4|cow|lung|1|speed|0.3733|2039.5|1000000
4|cow|lung|2|speed|0.44|2573.5|1000000
4|cow|lung|3|speed|0.475|3097|1000000
4|cow|lung|4|speed|0.5342|4799|1000000
4|cow|reflex|1|acceleration|0.0016|1499|1000000
4|cow|reflex|1|speed|0.28|1499|1000000
4|cow|reflex|2|acceleration|0.0019|1913|1000000
4|cow|reflex|2|speed|0.33|1913|1000000
4|cow|reflex|3|acceleration|0.002|2375.5|1000000
4|cow|reflex|3|speed|0.3563|2375.5|1000000
4|cow|reflex|4|acceleration|0.0023|3840.5|1000000
4|cow|reflex|4|speed|0.4007|3840.5|1000000
4|cow|boost|1|gas_volume|0.0983|919|1000000
4|cow|boost|1|gas_pressure|0.0295|919|1000000
4|cow|boost|2|gas_volume|0.1158|1265.5|1000000
4|cow|boost|2|gas_pressure|0.0347|1265.5|1000000
4|cow|boost|3|gas_volume|0.0157|1201.5|1000000
4|cow|boost|3|gas_pressure|0.0375|1201.5|1000000
4|cow|boost|4|gas_pressure|0.0422|2504.5|1000000
4|cow|boost2|1|gas_pressure|0.0688|743|1000000
4|cow|boost2|2|gas_pressure|0.081|995|1000000
4|cow|boost2|3|gas_pressure|0.0875|1397.5|1000000
4|cow|boost2|4|gas_pressure|0.0984|2744|1000000
5|dog|base|0|acceleration|0.0893|15000|1000000
5|dog|base|0|speed|20.6054|15000|1000000
5|dog|base|0|gas_volume|2.169|15000|1000000
5|dog|base|0|gas_pressure|2.169|15000|1000000
5|dog|muscles|1|acceleration|0.0025|1808.5|1000000
5|dog|muscles|1|speed|0.2816|1808.5|1000000
5|dog|muscles|2|acceleration|0.0029|2308.5|1000000
5|dog|muscles|2|speed|0.3319|2308.5|1000000
5|dog|muscles|3|acceleration|0.0031|2826|1000000
5|dog|muscles|3|speed|0.3582|2826|1000000
5|dog|muscles|4|acceleration|0.0035|4676|1000000
5|dog|muscles|4|speed|0.4029|4676|1000000
5|dog|lung|1|speed|0.3754|2138.5|1000000
5|dog|lung|2|speed|0.4425|2685.5|1000000
5|dog|lung|3|speed|0.4776|3241.5|1000000
5|dog|lung|4|speed|0.5372|5030|1000000
5|dog|reflex|1|acceleration|0.0016|1580|1000000
5|dog|reflex|1|speed|0.2816|1580|1000000
5|dog|reflex|2|acceleration|0.0019|2004|1000000
5|dog|reflex|2|speed|0.3319|2004|1000000
5|dog|reflex|3|acceleration|0.002|2496.5|1000000
5|dog|reflex|3|speed|0.3582|2496.5|1000000
5|dog|reflex|4|acceleration|0.0024|3995.5|1000000
5|dog|reflex|4|speed|0.4029|3995.5|1000000
5|dog|boost|1|gas_volume|0.0988|969|1000000
5|dog|boost|1|gas_pressure|0.0296|969|1000000
5|dog|boost|2|gas_volume|0.1164|1320.5|1000000
5|dog|boost|2|gas_pressure|0.0349|1320.5|1000000
5|dog|boost|3|gas_volume|0.0158|1237|1000000
5|dog|boost|3|gas_pressure|0.0377|1237|1000000
5|dog|boost|4|gas_pressure|0.0424|2613|1000000
5|dog|boost2|1|gas_pressure|0.0692|781.5|1000000
5|dog|boost2|2|gas_pressure|0.0815|1061|1000000
5|dog|boost2|3|gas_pressure|0.088|1465|1000000
5|dog|boost2|4|gas_pressure|0.099|2863.5|1000000
6|squirrel|base|0|acceleration|0.0988|0|1000000
6|squirrel|base|0|speed|20.4531|0|1000000
6|squirrel|base|0|gas_volume|1.9761|0|1000000
6|squirrel|base|0|gas_pressure|1.4821|0|1000000
6|squirrel|muscles|1|acceleration|0.003|2007.5|1000000
6|squirrel|muscles|1|speed|0.3061|2007.5|1000000
6|squirrel|muscles|2|acceleration|0.0034|2515|1000000
6|squirrel|muscles|2|speed|0.3558|2515|1000000
6|squirrel|muscles|3|acceleration|0.0034|2909.5|1000000
6|squirrel|muscles|3|speed|0.3492|2909.5|1000000
6|squirrel|muscles|4|acceleration|0.0036|4720|1000000
6|squirrel|muscles|4|speed|0.3675|4720|1000000
6|squirrel|lung|1|speed|0.4082|2392|1000000
6|squirrel|lung|2|speed|0.4744|2973.5|1000000
6|squirrel|lung|3|speed|0.4656|3333.5|1000000
6|squirrel|lung|4|speed|0.49|5021|1000000
6|squirrel|reflex|1|acceleration|0.002|1753|1000000
6|squirrel|reflex|1|speed|0.3061|1753|1000000
6|squirrel|reflex|2|acceleration|0.0023|2209.5|1000000
6|squirrel|reflex|2|speed|0.3558|2209.5|1000000
6|squirrel|reflex|3|acceleration|0.0023|2554|1000000
6|squirrel|reflex|3|speed|0.3492|2554|1000000
6|squirrel|reflex|4|acceleration|0.0024|4014.5|1000000
6|squirrel|reflex|4|speed|0.3675|4014.5|1000000
6|squirrel|boost|1|gas_volume|0.0986|960|1000000
6|squirrel|boost|1|gas_pressure|0.0222|960|1000000
6|squirrel|boost|2|gas_volume|0.1146|1325.5|1000000
6|squirrel|boost|2|gas_pressure|0.0258|1325.5|1000000
6|squirrel|boost|3|gas_volume|0.1125|1688.5|1000000
6|squirrel|boost|3|gas_pressure|0.0253|1688.5|1000000
6|squirrel|boost|4|gas_volume|0.0097|2694|1000000
6|squirrel|boost|4|gas_pressure|0.0267|2694|1000000
6|squirrel|boost2|1|gas_pressure|0.0518|740|1000000
6|squirrel|boost2|2|gas_pressure|0.0601|1004|1000000
6|squirrel|boost2|3|gas_pressure|0.059|1373.5|1000000
6|squirrel|boost2|4|gas_pressure|0.0622|2813.5|1000000
7|rhino|base|0|acceleration|0.0904|20000|1000000
7|rhino|base|0|speed|19.865|20000|1000000
7|rhino|base|0|gas_volume|2.6312|20000|1000000
7|rhino|base|0|gas_pressure|3.228|20000|1000000
7|rhino|muscles|1|acceleration|0.0026|2078|1000000
7|rhino|muscles|1|speed|0.2874|2078|1000000
7|rhino|muscles|2|acceleration|0.003|2614.5|1000000
7|rhino|muscles|2|speed|0.3333|2614.5|1000000
7|rhino|muscles|3|acceleration|0.0031|3088|1000000
7|rhino|muscles|3|speed|0.3378|3088|1000000
7|rhino|muscles|4|acceleration|0.0031|4918.5|1000000
7|rhino|muscles|4|speed|0.3439|4918.5|1000000
7|rhino|lung|1|speed|0.3831|2478|1000000
7|rhino|lung|2|speed|0.4443|3065|1000000
7|rhino|lung|3|speed|0.4505|3521.5|1000000
7|rhino|lung|4|speed|0.4585|5262|1000000
7|rhino|reflex|1|acceleration|0.0017|1824|1000000
7|rhino|reflex|1|speed|0.2874|1824|1000000
7|rhino|reflex|2|acceleration|0.002|2284.5|1000000
7|rhino|reflex|2|speed|0.3333|2284.5|1000000
7|rhino|reflex|3|acceleration|0.0021|2708|1000000
7|rhino|reflex|3|speed|0.3378|2708|1000000
7|rhino|reflex|4|acceleration|0.0021|4188.5|1000000
7|rhino|reflex|4|speed|0.3439|4188.5|1000000
7|rhino|boost|1|gas_pressure|0.0467|663|1000000
7|rhino|boost|2|gas_pressure|0.0542|976|1000000
7|rhino|boost|3|gas_pressure|0.0549|1380|1000000
7|rhino|boost|4|gas_pressure|0.0559|2960|1000000
7|rhino|boost2|1|gas_pressure|0.109|1080.5|1000000
7|rhino|boost2|2|gas_pressure|0.1264|1394.5|1000000
7|rhino|boost2|3|gas_pressure|0.1281|1828|1000000
7|rhino|boost2|4|gas_pressure|0.1303|3339.5|1000000
8|gorilla|base|0|acceleration|0.1138|35000|4000000
8|gorilla|base|0|speed|23.5508|35000|4000000
8|gorilla|base|0|gas_volume|2.2754|35000|4000000
8|gorilla|base|0|gas_pressure|1.7065|35000|4000000
8|gorilla|muscles|1|acceleration|0.0035|3885|4000000
8|gorilla|muscles|1|speed|0.3633|3885|4000000
8|gorilla|muscles|2|acceleration|0.0045|4853.5|4000000
8|gorilla|muscles|2|speed|0.4633|4853.5|4000000
8|gorilla|muscles|3|acceleration|0.0042|5265.5|4000000
8|gorilla|muscles|3|speed|0.4302|5265.5|4000000
8|gorilla|muscles|4|acceleration|0.0048|8430|4000000
8|gorilla|muscles|4|speed|0.5019|8430|4000000
8|gorilla|lung|1|speed|0.4844|4646.5|4000000
8|gorilla|lung|2|speed|0.6178|5820.5|4000000
8|gorilla|lung|3|speed|0.5736|6206|4000000
8|gorilla|lung|4|speed|0.6692|9386|4000000
8|gorilla|reflex|1|acceleration|0.0023|3651.5|4000000
8|gorilla|reflex|1|speed|0.3633|3651.5|4000000
8|gorilla|reflex|2|acceleration|0.003|4618|4000000
8|gorilla|reflex|2|speed|0.4633|4618|4000000
8|gorilla|reflex|3|acceleration|0.0028|4980.5|4000000
8|gorilla|reflex|3|speed|0.4302|4980.5|4000000
8|gorilla|reflex|4|acceleration|0.0032|7893.5|4000000
8|gorilla|reflex|4|speed|0.5019|7893.5|4000000
8|gorilla|boost|1|gas_volume|0.0096|1381|4000000
8|gorilla|boost|1|gas_pressure|0.0263|1381|4000000
8|gorilla|boost|2|gas_pressure|0.0336|1639|4000000
8|gorilla|boost|3|gas_pressure|0.0312|2247|4000000
8|gorilla|boost|4|gas_pressure|0.0364|4659|4000000
8|gorilla|boost2|1|gas_pressure|0.0615|1512.5|4000000
8|gorilla|boost2|2|gas_pressure|0.0783|1857|4000000
8|gorilla|boost2|3|gas_pressure|0.0727|2367.5|4000000
8|gorilla|boost2|4|gas_pressure|0.0848|4703.5|4000000
9|turtle|base|0|acceleration|0.1049|50000|4000000
9|turtle|base|0|speed|23.0598|50000|4000000
9|turtle|base|0|gas_volume|2.6312|50000|4000000
9|turtle|base|0|gas_pressure|3.7471|50000|4000000
9|turtle|muscles|1|acceleration|0.0031|4248|4000000
9|turtle|muscles|1|speed|0.3439|4248|4000000
9|turtle|muscles|2|acceleration|0.0036|4953.5|4000000
9|turtle|muscles|2|speed|0.3972|4953.5|4000000
9|turtle|muscles|3|acceleration|0.0041|6200.5|4000000
9|turtle|muscles|3|speed|0.4558|6200.5|4000000
9|turtle|muscles|4|acceleration|0.0044|9438|4000000
9|turtle|muscles|4|speed|0.479|9438|4000000
9|turtle|lung|1|speed|0.4585|5039.5|4000000
9|turtle|lung|2|speed|0.5296|5882.5|4000000
9|turtle|lung|3|speed|0.6077|7307|4000000
9|turtle|lung|4|speed|0.6386|10454|4000000
9|turtle|reflex|1|acceleration|0.0021|3965|4000000
9|turtle|reflex|1|speed|0.3439|3965|4000000
9|turtle|reflex|2|acceleration|0.0024|4719|4000000
9|turtle|reflex|2|speed|0.3972|4719|4000000
9|turtle|reflex|3|acceleration|0.0028|5889.5|4000000
9|turtle|reflex|3|speed|0.4558|5889.5|4000000
9|turtle|reflex|4|acceleration|0.0029|8826.5|4000000
9|turtle|reflex|4|speed|0.479|8826.5|4000000
9|turtle|boost|1|gas_pressure|0.0559|1746.5|4000000
9|turtle|boost|2|gas_pressure|0.0645|2141|4000000
9|turtle|boost|3|gas_pressure|0.0741|2942|4000000
9|turtle|boost|4|gas_pressure|0.0778|5722|4000000
9|turtle|boost2|1|gas_pressure|0.1303|2292|4000000
9|turtle|boost2|2|gas_pressure|0.1506|2729|4000000
9|turtle|boost2|3|gas_pressure|0.1728|3531.5|4000000
9|turtle|boost2|4|gas_pressure|0.1816|6176|4000000
10|hippo|base|0|acceleration|0.103|25000|4000000
10|hippo|base|0|speed|22.6269|25000|4000000
10|hippo|base|0|gas_volume|2.5818|25000|4000000
10|hippo|base|0|gas_pressure|3.6768|25000|4000000
10|hippo|muscles|1|acceleration|0.003|3670|4000000
10|hippo|muscles|1|speed|0.3374|3670|4000000
10|hippo|muscles|2|acceleration|0.0036|4292|4000000
10|hippo|muscles|2|speed|0.3897|4292|4000000
10|hippo|muscles|3|acceleration|0.0041|5350|4000000
10|hippo|muscles|3|speed|0.4472|5350|4000000
10|hippo|muscles|4|acceleration|0.0043|8161.5|4000000
10|hippo|muscles|4|speed|0.47|8161.5|4000000
10|hippo|lung|1|speed|0.4499|4365|4000000
10|hippo|lung|2|speed|0.5196|5080.5|4000000
10|hippo|lung|3|speed|0.5963|6320|4000000
10|hippo|lung|4|speed|0.6266|9033.5|4000000
10|hippo|reflex|1|acceleration|0.002|3438|4000000
10|hippo|reflex|1|speed|0.3374|3438|4000000
10|hippo|reflex|2|acceleration|0.0024|4058.5|4000000
10|hippo|reflex|2|speed|0.3897|4058.5|4000000
10|hippo|reflex|3|acceleration|0.0027|5065.5|4000000
10|hippo|reflex|3|speed|0.4472|5065.5|4000000
10|hippo|reflex|4|acceleration|0.0029|7626.5|4000000
10|hippo|reflex|4|speed|0.47|7626.5|4000000
10|hippo|boost|1|gas_pressure|0.0548|1510.5|4000000
10|hippo|boost|2|gas_pressure|0.0633|1845.5|4000000
10|hippo|boost|3|gas_pressure|0.0727|2536.5|4000000
10|hippo|boost|4|gas_pressure|0.0764|4937.5|4000000
10|hippo|boost2|1|gas_pressure|0.1279|1975|4000000
10|hippo|boost2|2|gas_pressure|0.1478|2340|4000000
10|hippo|boost2|3|gas_pressure|0.1696|3043.5|4000000
10|hippo|boost2|4|gas_pressure|0.1782|5353.5|4000000
11|croko|base|0|acceleration|0.1029|40000|4000000
11|croko|base|0|speed|23.7417|40000|4000000
11|croko|base|0|gas_volume|2.3897|40000|4000000
11|croko|base|0|gas_pressure|2.4991|40000|4000000
11|croko|muscles|1|acceleration|0.0035|4127|4000000
11|croko|muscles|1|speed|0.4011|4127|4000000
11|croko|muscles|2|acceleration|0.0036|4480.5|4000000
11|croko|muscles|2|speed|0.4122|4480.5|4000000
11|croko|muscles|3|acceleration|0.0037|5272.5|4000000
11|croko|muscles|3|speed|0.4287|5272.5|4000000
11|croko|muscles|4|acceleration|0.0044|8533.5|4000000
11|croko|muscles|4|speed|0.5112|8533.5|4000000
11|croko|lung|1|speed|0.5349|4969.5|4000000
11|croko|lung|2|speed|0.5496|5323.5|4000000
11|croko|lung|3|speed|0.5716|6178.5|4000000
11|croko|lung|4|speed|0.6815|9503|4000000
11|croko|reflex|1|acceleration|0.0023|3893.5|4000000
11|croko|reflex|1|speed|0.4011|3893.5|4000000
11|croko|reflex|2|acceleration|0.0024|4247|4000000
11|croko|reflex|2|speed|0.4122|4247|4000000
11|croko|reflex|3|acceleration|0.0025|4989|4000000
11|croko|reflex|3|speed|0.4287|4989|4000000
11|croko|reflex|4|acceleration|0.0029|7998|4000000
11|croko|reflex|4|speed|0.5112|7998|4000000
11|croko|boost|1|gas_pressure|0.0422|1423|4000000
11|croko|boost|2|gas_pressure|0.0434|1731|4000000
11|croko|boost|3|gas_pressure|0.0451|2368|4000000
11|croko|boost|4|gas_pressure|0.0538|4854.5|4000000
11|croko|boost2|1|gas_pressure|0.0986|1794.5|4000000
11|croko|boost2|2|gas_pressure|0.1012|2038.5|4000000
11|croko|boost2|3|gas_pressure|0.1053|2642.5|4000000
11|croko|boost2|4|gas_pressure|0.1255|5035|4000000
12|elephant|base|0|acceleration|0.1031|30000|4000000
12|elephant|base|0|speed|22.6451|30000|4000000
12|elephant|base|0|gas_volume|2.5839|30000|4000000
12|elephant|base|0|gas_pressure|3.6797|30000|4000000
12|elephant|muscles|1|acceleration|0.003|3671.5|4000000
12|elephant|muscles|1|speed|0.3377|3671.5|4000000
12|elephant|muscles|2|acceleration|0.0036|4293.5|4000000
12|elephant|muscles|2|speed|0.39|4293.5|4000000
12|elephant|muscles|3|acceleration|0.0041|5351.5|4000000
12|elephant|muscles|3|speed|0.4476|5351.5|4000000
12|elephant|muscles|4|acceleration|0.0043|8163.5|4000000
12|elephant|muscles|4|speed|0.4703|8163.5|4000000
12|elephant|lung|1|speed|0.4502|4366.5|4000000
12|elephant|lung|2|speed|0.52|5082.5|4000000
12|elephant|lung|3|speed|0.5968|6322.5|4000000
12|elephant|lung|4|speed|0.6271|9036|4000000
12|elephant|reflex|1|acceleration|0.002|3439.5|4000000
12|elephant|reflex|1|speed|0.3377|3439.5|4000000
12|elephant|reflex|2|acceleration|0.0024|4060|4000000
12|elephant|reflex|2|speed|0.39|4060|4000000
12|elephant|reflex|3|acceleration|0.0027|5092|4000000
12|elephant|reflex|3|speed|0.4476|5092|4000000
12|elephant|reflex|4|acceleration|0.0029|7628.5|4000000
12|elephant|reflex|4|speed|0.4703|7628.5|4000000
12|elephant|boost|1|gas_pressure|0.0549|1511|4000000
12|elephant|boost|2|gas_pressure|0.0634|1846|4000000
12|elephant|boost|3|gas_pressure|0.0727|2537|4000000
12|elephant|boost|4|gas_pressure|0.0764|4937.5|4000000
12|elephant|boost2|1|gas_pressure|0.128|1975.5|4000000
12|elephant|boost2|2|gas_pressure|0.1479|2340.5|4000000
12|elephant|boost2|3|gas_pressure|0.1697|3044|4000000
12|elephant|boost2|4|gas_pressure|0.1783|5354|4000000
13|unicorn|base|0|acceleration|0.1162|0|4000000
13|unicorn|base|0|speed|24.0486|0|4000000
13|unicorn|base|0|gas_volume|2.3235|0|4000000
13|unicorn|base|0|gas_pressure|1.7426|0|4000000
13|unicorn|muscles|1|acceleration|0.0036|4581|4000000
13|unicorn|muscles|1|speed|0.371|4581|4000000
13|unicorn|muscles|2|acceleration|0.0046|5729.5|4000000
13|unicorn|muscles|2|speed|0.4731|5729.5|4000000
13|unicorn|muscles|3|acceleration|0.0043|6223.5|4000000
13|unicorn|muscles|3|speed|0.4393|6223.5|4000000
13|unicorn|muscles|4|acceleration|0.0049|9956|4000000
13|unicorn|muscles|4|speed|0.5125|9956|4000000
13|unicorn|lung|1|speed|0.4946|5468.5|4000000
13|unicorn|lung|2|speed|0.6309|6889|4000000
13|unicorn|lung|3|speed|0.5857|7318|4000000
13|unicorn|lung|4|speed|0.6833|11070.5|4000000
13|unicorn|reflex|1|acceleration|0.0024|4296|4000000
13|unicorn|reflex|1|speed|0.371|4296|4000000
13|unicorn|reflex|2|acceleration|0.003|5467|4000000
13|unicorn|reflex|2|speed|0.4731|5467|4000000
13|unicorn|reflex|3|acceleration|0.0028|5887|4000000
13|unicorn|reflex|3|speed|0.4393|5887|4000000
13|unicorn|reflex|4|acceleration|0.0033|9317.5|4000000
13|unicorn|reflex|4|speed|0.5125|9317.5|4000000
13|unicorn|boost|1|gas_volume|0.0098|1627.5|4000000
13|unicorn|boost|1|gas_pressure|0.0269|1627.5|4000000
13|unicorn|boost|2|gas_pressure|0.0343|1932|4000000
13|unicorn|boost|3|gas_pressure|0.0318|2637|4000000
13|unicorn|boost|4|gas_pressure|0.0371|5505.5|4000000
13|unicorn|boost2|1|gas_pressure|0.0628|1791.5|4000000
13|unicorn|boost2|2|gas_pressure|0.08|2208|4000000
13|unicorn|boost2|3|gas_pressure|0.0743|2811|4000000
13|unicorn|boost2|4|gas_pressure|0.0866|5537.5|4000000
14|giraffe|base|0|acceleration|0.1033|45000|4000000
14|giraffe|base|0|speed|23.8442|45000|4000000
14|giraffe|base|0|gas_volume|2.4|45000|4000000
14|giraffe|base|0|gas_pressure|2.5099|45000|4000000
14|giraffe|muscles|1|acceleration|0.0035|4278.5|4000000
14|giraffe|muscles|1|speed|0.4029|4278.5|4000000
14|giraffe|muscles|2|acceleration|0.0036|4634.5|4000000
14|giraffe|muscles|2|speed|0.414|4634.5|4000000
14|giraffe|muscles|3|acceleration|0.0037|5456|4000000
14|giraffe|muscles|3|speed|0.4306|5456|4000000
14|giraffe|muscles|4|acceleration|0.0044|8838|4000000
14|giraffe|muscles|4|speed|0.5134|8838|4000000
14|giraffe|lung|1|speed|0.5372|5153.5|4000000
14|giraffe|lung|2|speed|0.552|5511.5|4000000
14|giraffe|lung|3|speed|0.5741|6422|4000000
14|giraffe|lung|4|speed|0.6845|9824|4000000
14|giraffe|reflex|1|acceleration|0.0024|4045|4000000
14|giraffe|reflex|1|speed|0.4029|4045|4000000
14|giraffe|reflex|2|acceleration|0.0024|4401|4000000
14|giraffe|reflex|2|speed|0.414|4401|4000000
14|giraffe|reflex|3|acceleration|0.0025|5172|4000000
14|giraffe|reflex|3|speed|0.4306|5172|4000000
14|giraffe|reflex|4|acceleration|0.003|8277|4000000
14|giraffe|reflex|4|speed|0.5134|8277|4000000
14|giraffe|boost|1|gas_pressure|0.0424|1483.5|4000000
14|giraffe|boost|2|gas_pressure|0.0436|1791.5|4000000
14|giraffe|boost|3|gas_pressure|0.0453|2454.5|4000000
14|giraffe|boost|4|gas_pressure|0.054|5017.5|4000000
14|giraffe|boost2|1|gas_pressure|0.099|1844.5|4000000
14|giraffe|boost2|2|gas_pressure|0.1016|2113.5|4000000
14|giraffe|boost2|3|gas_pressure|0.1058|2718.5|4000000
14|giraffe|boost2|4|gas_pressure|0.1261|5216|4000000
15|wolf|base|0|acceleration|0.1206|75000|9000000
15|wolf|base|0|speed|27.8063|75000|9000000
15|wolf|base|0|gas_volume|2.3832|75000|9000000
15|wolf|base|0|gas_pressure|2.927|75000|9000000
15|wolf|muscles|1|acceleration|0.0044|5867.5|9000000
15|wolf|muscles|1|speed|0.5098|5867.5|9000000
15|wolf|muscles|2|acceleration|0.0051|6757|9000000
15|wolf|muscles|2|speed|0.5842|6757|9000000
15|wolf|muscles|3|acceleration|0.0055|8050.5|9000000
15|wolf|muscles|3|speed|0.6327|8050.5|9000000
15|wolf|muscles|4|acceleration|0.006|11940|9000000
15|wolf|muscles|4|speed|0.6907|11940|9000000
15|wolf|lung|1|speed|0.6797|7037.5|9000000
15|wolf|lung|2|speed|0.7789|8108.5|9000000
15|wolf|lung|3|speed|0.8436|9520.5|9000000
15|wolf|lung|4|speed|0.9209|13526.5|9000000
15|wolf|reflex|1|acceleration|0.0029|5556.5|9000000
15|wolf|reflex|1|speed|0.5098|5556.5|9000000
15|wolf|reflex|2|acceleration|0.0034|6394.5|9000000
15|wolf|reflex|2|speed|0.5842|6394.5|9000000
15|wolf|reflex|3|acceleration|0.0037|7536.5|9000000
15|wolf|reflex|3|speed|0.6327|7536.5|9000000
15|wolf|reflex|4|acceleration|0.004|11000|9000000
15|wolf|reflex|4|speed|0.6907|11000|9000000
15|wolf|boost|1|gas_pressure|0.0537|2253.5|9000000
15|wolf|boost|2|gas_pressure|0.0615|2688|9000000
15|wolf|boost|3|gas_pressure|0.0666|3576|9000000
15|wolf|boost|4|gas_pressure|0.0727|6947|9000000
15|wolf|boost2|1|gas_pressure|0.1252|2767|9000000
15|wolf|boost2|2|gas_pressure|0.1435|3205|9000000
15|wolf|boost2|3|gas_pressure|0.1554|4193.5|9000000
15|wolf|boost2|4|gas_pressure|0.1697|7576.5|9000000
16|raccoon|base|0|acceleration|0.1341|125000|9000000
16|raccoon|base|0|speed|27.7543|125000|9000000
16|raccoon|base|0|gas_volume|2.2862|125000|9000000
16|raccoon|base|0|gas_pressure|2.0112|125000|9000000
16|raccoon|muscles|1|acceleration|0.0048|6072|9000000
16|raccoon|muscles|1|speed|0.5021|6072|9000000
16|raccoon|muscles|2|acceleration|0.0057|7102|9000000
16|raccoon|muscles|2|speed|0.5895|7102|9000000
16|raccoon|muscles|3|acceleration|0.0061|8327|9000000
16|raccoon|muscles|3|speed|0.6299|8327|9000000
16|raccoon|muscles|4|acceleration|0.0061|11842|9000000
16|raccoon|muscles|4|speed|0.6348|11842|9000000
16|raccoon|lung|1|speed|0.6695|7270|9000000
16|raccoon|lung|2|speed|0.7861|8525|9000000
16|raccoon|lung|3|speed|0.8399|9905|9000000
16|raccoon|lung|4|speed|0.8465|13382|9000000
16|raccoon|reflex|1|acceleration|0.0032|5759.5|9000000
16|raccoon|reflex|1|speed|0.5021|5759.5|9000000
16|raccoon|reflex|2|acceleration|0.0038|6712|9000000
16|raccoon|reflex|2|speed|0.5895|6712|9000000
16|raccoon|reflex|3|acceleration|0.0041|7836|9000000
16|raccoon|reflex|3|speed|0.6299|7836|9000000
16|raccoon|reflex|4|acceleration|0.0041|10875.5|9000000
16|raccoon|reflex|4|speed|0.6348|10875.5|9000000
16|raccoon|boost|1|gas_pressure|0.0364|2165.5|9000000
16|raccoon|boost|2|gas_pressure|0.0427|2566|9000000
16|raccoon|boost|3|gas_pressure|0.0457|3464.5|9000000
16|raccoon|boost|4|gas_pressure|0.046|6792|9000000
16|raccoon|boost2|1|gas_pressure|0.0849|2503|9000000
16|raccoon|boost2|2|gas_pressure|0.0997|2946|9000000
16|raccoon|boost2|3|gas_pressure|0.1065|3900.5|9000000
16|raccoon|boost2|4|gas_pressure|0.1073|7156.5|9000000
17|panda|base|0|acceleration|0.121|100000|9000000
17|panda|base|0|speed|26.5948|100000|9000000
17|panda|base|0|gas_volume|2.587|100000|9000000
17|panda|base|0|gas_pressure|4.3216|100000|9000000
17|panda|muscles|1|acceleration|0.0043|5719|9000000
17|panda|muscles|1|speed|0.4709|5719|9000000
17|panda|muscles|2|acceleration|0.0051|6778.5|9000000
17|panda|muscles|2|speed|0.5614|6778.5|9000000
17|panda|muscles|3|acceleration|0.0055|7982|9000000
17|panda|muscles|3|speed|0.6001|7982|9000000
17|panda|muscles|4|acceleration|0.0057|11667.5|9000000
17|panda|muscles|4|speed|0.6206|11667.5|9000000
17|panda|lung|1|speed|0.6279|6830.5|9000000
17|panda|lung|2|speed|0.7486|8094|9000000
17|panda|lung|3|speed|0.8001|9444.5|9000000
17|panda|lung|4|speed|0.8274|13106.5|9000000
17|panda|reflex|1|acceleration|0.0029|5407.5|9000000
17|panda|reflex|1|speed|0.4709|5407.5|9000000
17|panda|reflex|2|acceleration|0.0034|6390.5|9000000
17|panda|reflex|2|speed|0.5614|6390.5|9000000
17|panda|reflex|3|acceleration|0.0037|7493|9000000
17|panda|reflex|3|speed|0.6001|7493|9000000
17|panda|reflex|4|acceleration|0.0038|10678|9000000
17|panda|reflex|4|speed|0.6206|10678|9000000
17|panda|boost|1|gas_pressure|0.0765|2470|9000000
17|panda|boost|2|gas_pressure|0.0912|2959|9000000
17|panda|boost|3|gas_pressure|0.0975|3883|9000000
17|panda|boost|4|gas_pressure|0.1009|7259|9000000
17|panda|boost2|1|gas_pressure|0.1785|3237.5|9000000
17|panda|boost2|2|gas_pressure|0.2129|3804.5|9000000
17|panda|boost2|3|gas_pressure|0.2275|4844|9000000
17|panda|boost2|4|gas_pressure|0.2353|8204.5|9000000
18|bunny|base|0|acceleration|0.135|200000|9000000
18|bunny|base|0|speed|27.9413|200000|9000000
18|bunny|base|0|gas_volume|2.3016|200000|9000000
18|bunny|base|0|gas_pressure|2.0247|200000|9000000
18|bunny|muscles|1|acceleration|0.0049|6391|9000000
18|bunny|muscles|1|speed|0.5055|6391|9000000
18|bunny|muscles|2|acceleration|0.0058|7484|9000000
18|bunny|muscles|2|speed|0.5935|7484|9000000
18|bunny|muscles|3|acceleration|0.0061|8776.5|9000000
18|bunny|muscles|3|speed|0.6342|8776.5|9000000
18|bunny|muscles|4|acceleration|0.0062|12493.5|9000000
18|bunny|muscles|4|speed|0.6391|12493.5|9000000
18|bunny|lung|1|speed|0.674|7683.5|9000000
18|bunny|lung|2|speed|0.7914|8989|9000000
18|bunny|lung|3|speed|0.8456|10442|9000000
18|bunny|lung|4|speed|0.8522|14122.5|9000000
18|bunny|reflex|1|acceleration|0.0032|6052.5|9000000
18|bunny|reflex|1|speed|0.5055|6052.5|9000000
18|bunny|reflex|2|acceleration|0.0038|7067.5|9000000
18|bunny|reflex|2|speed|0.5935|7067.5|9000000
18|bunny|reflex|3|acceleration|0.0041|8259.5|9000000
18|bunny|reflex|3|speed|0.6342|8259.5|9000000
18|bunny|reflex|4|acceleration|0.0041|11476|9000000
18|bunny|reflex|4|speed|0.6391|11476|9000000
18|bunny|boost|1|gas_pressure|0.0366|2281|9000000
18|bunny|boost|2|gas_pressure|0.043|2709.5|9000000
18|bunny|boost|3|gas_pressure|0.046|3634.5|9000000
18|bunny|boost|4|gas_pressure|0.0463|7162|9000000
18|bunny|boost2|1|gas_pressure|0.0855|2639.5|9000000
18|bunny|boost2|2|gas_pressure|0.1004|3089|9000000
18|bunny|boost2|3|gas_pressure|0.1072|4096.5|9000000
18|bunny|boost2|4|gas_pressure|0.108|7553|9000000
19|tiger|base|0|acceleration|0.1229|450000|9000000
19|tiger|base|0|speed|28.3383|450000|9000000
19|tiger|base|0|gas_volume|2.4288|450000|9000000
19|tiger|base|0|gas_pressure|2.983|450000|9000000
19|tiger|muscles|1|acceleration|0.0045|6805|9000000
19|tiger|muscles|1|speed|0.5195|6805|9000000
19|tiger|muscles|2|acceleration|0.0052|7834|9000000
19|tiger|muscles|2|speed|0.5953|7834|9000000
19|tiger|muscles|3|acceleration|0.0056|9310.5|9000000
19|tiger|muscles|3|speed|0.6448|9310.5|9000000
19|tiger|muscles|4|acceleration|0.0061|13844.5|9000000
19|tiger|muscles|4|speed|0.7039|13844.5|9000000
19|tiger|lung|1|speed|0.6927|8147|9000000
19|tiger|lung|2|speed|0.7938|9386.5|9000000
19|tiger|lung|3|speed|0.8598|11050.5|9000000
19|tiger|lung|4|speed|0.9385|15673.5|9000000
19|tiger|reflex|1|acceleration|0.003|6442.5|9000000
19|tiger|reflex|1|speed|0.5195|6442.5|9000000
19|tiger|reflex|2|acceleration|0.0034|7394.5|9000000
19|tiger|reflex|2|speed|0.5953|7394.5|9000000
19|tiger|reflex|3|acceleration|0.0037|8745|9000000
19|tiger|reflex|3|speed|0.6448|8745|9000000
19|tiger|reflex|4|acceleration|0.004|12727.5|9000000
19|tiger|reflex|4|speed|0.7039|12727.5|9000000
19|tiger|boost|1|gas_pressure|0.0547|2617.5|9000000
19|tiger|boost|2|gas_pressure|0.0627|3111|9000000
19|tiger|boost|3|gas_pressure|0.0679|4155|9000000
19|tiger|boost|4|gas_pressure|0.0741|8033.5|9000000
19|tiger|boost2|1|gas_pressure|0.1276|3191|9000000
19|tiger|boost2|2|gas_pressure|0.1463|3726|9000000
19|tiger|boost2|3|gas_pressure|0.1583|4853.5|9000000
19|tiger|boost2|4|gas_pressure|0.1729|8753.5|9000000
20|dragon|base|0|acceleration|0.1219|0|9000000
20|dragon|base|0|speed|26.8032|0|9000000
20|dragon|base|0|gas_volume|2.6073|0|9000000
20|dragon|base|0|gas_pressure|4.3555|0|9000000
20|dragon|muscles|1|acceleration|0.0043|6078.5|9000000
20|dragon|muscles|1|speed|0.4746|6078.5|9000000
20|dragon|muscles|2|acceleration|0.0051|7208|9000000
20|dragon|muscles|2|speed|0.5658|7208|9000000
20|dragon|muscles|3|acceleration|0.0055|8506|9000000
20|dragon|muscles|3|speed|0.6048|8506|9000000
20|dragon|muscles|4|acceleration|0.0057|12401.5|9000000
20|dragon|muscles|4|speed|0.6254|12401.5|9000000
20|dragon|lung|1|speed|0.6328|7265.5|9000000
20|dragon|lung|2|speed|0.7545|8613|9000000
20|dragon|lung|3|speed|0.8064|10039|9000000
20|dragon|lung|4|speed|0.8339|13964.5|9000000
20|dragon|reflex|1|acceleration|0.0029|5766.5|9000000
20|dragon|reflex|1|speed|0.4746|5766.5|9000000
20|dragon|reflex|2|acceleration|0.0034|6794|9000000
20|dragon|reflex|2|speed|0.5658|6794|9000000
20|dragon|reflex|3|acceleration|0.0037|7966|9000000
20|dragon|reflex|3|speed|0.6048|7966|9000000
20|dragon|reflex|4|acceleration|0.0038|11361|9000000
20|dragon|reflex|4|speed|0.6254|11361|9000000
20|dragon|boost|1|gas_pressure|0.0771|2632.5|9000000
20|dragon|boost|2|gas_pressure|0.0919|3129|9000000
20|dragon|boost|3|gas_pressure|0.0983|4131|9000000
20|dragon|boost|4|gas_pressure|0.1017|7709|9000000
20|dragon|boost2|1|gas_pressure|0.1799|3425.5|9000000
20|dragon|boost2|2|gas_pressure|0.2145|4059.5|9000000
20|dragon|boost2|3|gas_pressure|0.2293|5131|9000000
20|dragon|boost2|4|gas_pressure|0.2372|8720.5|9000000
21|reindeer|base|0|acceleration|0.1214|150000|9000000
21|reindeer|base|0|speed|28.0023|150000|9000000
21|reindeer|base|0|gas_volume|2.4|150000|9000000
21|reindeer|base|0|gas_pressure|2.9476|150000|9000000
21|reindeer|muscles|1|acceleration|0.0044|6199.5|9000000
21|reindeer|muscles|1|speed|0.5134|6199.5|9000000
21|reindeer|muscles|2|acceleration|0.0051|7119.5|9000000
21|reindeer|muscles|2|speed|0.5883|7119.5|9000000
21|reindeer|muscles|3|acceleration|0.0055|8457.5|9000000
21|reindeer|muscles|3|speed|0.6372|8457.5|9000000
21|reindeer|muscles|4|acceleration|0.006|12595.5|9000000
21|reindeer|muscles|4|speed|0.6955|12595.5|9000000
21|reindeer|lung|1|speed|0.6845|7411.5|9000000
21|reindeer|lung|2|speed|0.7844|8547|9000000
21|reindeer|lung|3|speed|0.8496|10035.5|9000000
21|reindeer|lung|4|speed|0.9274|14247.5|9000000
21|reindeer|reflex|1|acceleration|0.003|5863|9000000
21|reindeer|reflex|1|speed|0.5134|5863|9000000
21|reindeer|reflex|2|acceleration|0.0034|6731|9000000
21|reindeer|reflex|2|speed|0.5883|6731|9000000
21|reindeer|reflex|3|acceleration|0.0037|7943|9000000
21|reindeer|reflex|3|speed|0.6372|7943|9000000
21|reindeer|reflex|4|acceleration|0.004|11579.5|9000000
21|reindeer|reflex|4|speed|0.6955|11579.5|9000000
21|reindeer|boost|1|gas_pressure|0.054|2375.5|9000000
21|reindeer|boost|2|gas_pressure|0.062|2812.5|9000000
21|reindeer|boost|3|gas_pressure|0.0671|3777.5|9000000
21|reindeer|boost|4|gas_pressure|0.0732|7301.5|9000000
21|reindeer|boost2|1|gas_pressure|0.1261|2917|9000000
21|reindeer|boost2|2|gas_pressure|0.1446|3387.5|9000000
21|reindeer|boost2|3|gas_pressure|0.1565|4431|9000000
21|reindeer|boost2|4|gas_pressure|0.1709|7969.5|9000000
